[{
        "_id": "61190d98cd0bde22e8960772",
        "name": "Nike Dri-Fit T-Shirt",
        "slug": "nike-dri-fit-t-shirt",
        "price": 20,
        "published_at": "2021-08-16T12:50:35.569Z",
        "createdAt": "2021-08-16T12:50:32.330Z",
        "updatedAt": "2021-08-18T23:49:55.279Z",
        "__v": 0,
        "id": "61190d98cd0bde22e8960772",
        "category": "Nike",
        "type": "T-Shirt",
        "sizes": [{
            "name": "Small",
            "size": "S"
        }, {
            "name": "Medium",
            "size": "M"
        }, {
            "name": "Large",
            "size": "L"
        }, {
            "name": "Extra Large",
            "size": "XL"
        }, {
            "name": "2X Large",
            "size": "2XL"
        }],
        "images": [
            "https://res.cloudinary.com/dcmvndqd1/image/upload/v1675026370/Panda%20Steeze/IMG_6511_ck9czw.jpg"
        ],
        "colors": [{
                "name": "Black",
                "colorBg": "#111827"
            },
            {
                "name": "Red",
                "colorBg": "#E84C3D"
            },
            {
                "name": "Blue",
                "colorBg": "#3C5A99"
            }
        ]
    },
    {
        "_id": "abcdefghijklmnop",
        "name": "Puma Cotton T-Shirt",
        "slug": "puma-cotton-t-shirt",
        "price": 35,
        "published_at": "2022-06-19T15:10:25.678Z",
        "createdAt": "2022-06-19T15:10:22.901Z",
        "updatedAt": "2022-06-21T12:05:33.456Z",
        "__v": 0,
        "id": "abcdefghijklmnop",
        "category": "Puma",
        "type": "T-Shirt",
        "sizes": [{
            "name": "Small",
            "size": "S"
        }, {
            "name": "Medium",
            "size": "M"
        }, {
            "name": "Large",
            "size": "L"
        }, {
            "name": "Extra Large",
            "size": "XL"
        }, {
            "name": "2X Large",
            "size": "2XL"
        }],
        "images": [
            "https://res.cloudinary.com/dcmvndqd1/image/upload/v1675026370/Panda%20Steeze/IMG_6508_h4uzpp.jpg"
        ],
        "colors": [{
                "name": "Red",
                "colorBg": "#FF0000"
            },
            {
                "name": "Green",
                "colorBg": "#00FF00"
            },
            {
                "name": "Blue",
                "colorBg": "#0000FF"
            }
        ]
    },
    {
        "_id": "1a2b3c4d5e6f7g8h9i",
        "name": "Puma Essential Crew Neck T-Shirt",
        "slug": "puma-essential-crew-neck-t-shirt",
        "price": 30,
        "published_at": "2022-06-15T11:00:00.000Z",
        "createdAt": "2022-06-15T10:59:59.999Z",
        "updatedAt": "2022-06-17T18:30:00.555Z",
        "__v": 0,
        "id": "1a2b3c4d5e6f7g8h9i",
        "category": "Puma",
        "type": "T-Shirt",
        "sizes": [{
            "name": "Small",
            "size": "S"
        }, {
            "name": "Medium",
            "size": "M"
        }, {
            "name": "Large",
            "size": "L"
        }, {
            "name": "Extra Large",
            "size": "XL"
        }, {
            "name": "2X Large",
            "size": "2XL"
        }],
        "images": [
            "https://res.cloudinary.com/dcmvndqd1/image/upload/v1675026370/Panda%20Steeze/IMG_6514_ipnnwn.jpg"
        ],
        "colors": [{
                "name": "Black",
                "colorBg": "#000000"
            },
            {
                "name": "White",
                "colorBg": "#FFFFFF"
            }
        ]
    },
    {
        "_id": "abc123def456ghi789",
        "name": "Reebok Classic Tee",
        "slug": "reebok-classic-tee",
        "price": 45,
        "published_at": "2022-12-01T08:00:00.000Z",
        "createdAt": "2022-12-01T07:59:59.999Z",
        "updatedAt": "2022-12-03T12:00:00.555Z",
        "__v": 0,
        "id": "abc123def456ghi789",
        "category": "Reebok",
        "type": "T-Shirt",
        "sizes": [{
            "name": "Small",
            "size": "S"
        }, {
            "name": "Medium",
            "size": "M"
        }, {
            "name": "Large",
            "size": "L"
        }, {
            "name": "Extra Large",
            "size": "XL"
        }, {
            "name": "2X Large",
            "size": "2XL"
        }],
        "images": [
            "https://res.cloudinary.com/dcmvndqd1/image/upload/v1675026370/Panda%20Steeze/IMG_6557_ylxnyh.jpg"
        ],
        "colors": [{
                "name": "Heather Gray",
                "colorBg": "#7f7f7f"
            },
            {
                "name": "Navy Blue",
                "colorBg": "#000080"
            }
        ]
    },
    {
        "_id": "zyxwvutsrqponmlkjihgfedcba",
        "name": "Under Armour Tech Tee",
        "slug": "under-armour-tech-tee",
        "price": 40,
        "published_at": "2022-11-01T08:00:00.000Z",
        "createdAt": "2022-11-01T07:59:59.999Z",
        "updatedAt": "2022-11-03T12:00:00.555Z",
        "__v": 0,
        "id": "zyxwvutsrqponmlkjihgfedcba",
        "category": "Under Armour",
        "type": "T-Shirt",
        "sizes": [{
            "name": "Small",
            "size": "S"
        }, {
            "name": "Medium",
            "size": "M"
        }, {
            "name": "Large",
            "size": "L"
        }, {
            "name": "Extra Large",
            "size": "XL"
        }, {
            "name": "2X Large",
            "size": "2XL"
        }],
        "images": [
            "https://res.cloudinary.com/dcmvndqd1/image/upload/v1675026370/Panda%20Steeze/IMG_6525_jqjash.jpg"
        ],
        "colors": [{
                "name": "Black",
                "colorBg": "#000000"
            },
            {
                "name": "White",
                "colorBg": "#FFFFFF"
            }
        ]
    },
    {
        "_id": "jklmnopqrstuvwxyz",
        "name": "Converse Chuck Taylor T-Shirt",
        "slug": "converse-chuck-taylor-t-shirt",
        "price": 35,
        "published_at": "2022-08-01T15:00:00.000Z",
        "createdAt": "2022-08-01T14:59:59.999Z",
        "updatedAt": "2022-08-03T21:30:00.555Z",
        "__v": 0,
        "id": "jklmnopqrstuvwxyz",
        "category": "Converse",
        "type": "T-Shirt",
        "sizes": [{
            "name": "Small",
            "size": "S"
        }, {
            "name": "Medium",
            "size": "M"
        }, {
            "name": "Large",
            "size": "L"
        }, {
            "name": "Extra Large",
            "size": "XL"
        }, {
            "name": "2X Large",
            "size": "2XL"
        }],
        "images": [
            "https://res.cloudinary.com/dcmvndqd1/image/upload/v1675026370/Panda%20Steeze/IMG_6513_uye5l0.jpg"
        ],
        "colors": [{
                "name": "Black",
                "colorBg": "#000000"
            },
            {
                "name": "Red",
                "colorBg": "#FF0000"
            }
        ]
    },
    {
        "_id": "9i8h7g6f5e4d3c2b1a",
        "name": "Under Armour Sportstyle T-Shirt",
        "slug": "under-armour-sportstyle-t-shirt",
        "price": 25,
        "published_at": "2022-05-20T13:45:00.000Z",
        "createdAt": "2022-05-20T13:44:59.999Z",
        "updatedAt": "2022-05-22T16:15:00.777Z",
        "__v": 0,
        "id": "9i8h7g6f5e4d3c2b1a",
        "category": "Under Armour",
        "type": "T-Shirt",
        "sizes": [{
            "name": "Small",
            "size": "S"
        }, {
            "name": "Medium",
            "size": "M"
        }, {
            "name": "Large",
            "size": "L"
        }, {
            "name": "Extra Large",
            "size": "XL"
        }, {
            "name": "2X Large",
            "size": "2XL"
        }],
        "images": [
            "https://res.cloudinary.com/dcmvndqd1/image/upload/v1675026369/Panda%20Steeze/IMG_6563_ikfooq.jpg"
        ],
        "colors": [{
                "name": "Black",
                "colorBg": "#000000"
            },
            {
                "name": "Red",
                "colorBg": "#FF0000"
            }
        ]
    },
    {
        "_id": "0a1b2c3d4e5f6g7h8i9j",
        "name": "Under Armour UA Tech T-Shirt",
        "slug": "under-armour-ua-tech-t-shirt",
        "price": 50,
        "published_at": "2022-12-01T08:00:00.000Z",
        "createdAt": "2022-12-01T07:59:59.999Z",
        "updatedAt": "2022-12-03T16:00:00.555Z",
        "__v": 0,
        "id": "0a1b2c3d4e5f6g7h8i9j",
        "category": "Under Armour",
        "type": "T-Shirt",
        "sizes": [{
            "name": "Small",
            "size": "S"
        }, {
            "name": "Medium",
            "size": "M"
        }, {
            "name": "Large",
            "size": "L"
        }, {
            "name": "Extra Large",
            "size": "XL"
        }, {
            "name": "2X Large",
            "size": "2XL"
        }],
        "images": [
            "https://res.cloudinary.com/dcmvndqd1/image/upload/v1675026369/Panda%20Steeze/IMG_6566_fjwves.jpg",
            "https://res.cloudinary.com/dcmvndqd1/image/upload/v1675026369/Panda%20Steeze/IMG_6560_dmxcbm.jpg",
            "https://res.cloudinary.com/dcmvndqd1/image/upload/v1675026369/Panda%20Steeze/IMG_6564_d3bkpn.jpg",
            "https://res.cloudinary.com/dcmvndqd1/image/upload/v1675026369/Panda%20Steeze/IMG_6565_aztzud.jpg"
        ],
        "colors": [{
                "name": "Gray",
                "colorBg": "#808080"
            },
            {
                "name": "White",
                "colorBg": "#FFFFFF"
            },
            {
                "name": "Black",
                "colorBg": "#000000"
            },
            {
                "name": "Pink",
                "colorBg": "#FFC0CB"
            }
        ]
    },
    {
        "_id": "0a1b2c3d4e5f6g7h8i9a",
        "name": "Under Armour UA Tech T-Shirt",
        "slug": "under-armour-ub-tech-t-shirtz",
        "price": 80,
        "published_at": "2022-12-01T08:00:00.000Z",
        "createdAt": "2022-12-01T07:59:59.999Z",
        "updatedAt": "2022-12-03T16:00:00.555Z",
        "__v": 0,
        "id": "0a1b2c3d4e5f6g7h8i9j",
        "category": "Under Armour",
        "type": "T-Shirt",
        "sizes": [{
            "name": "Small",
            "size": "S"
        }, {
            "name": "Medium",
            "size": "M"
        }, {
            "name": "Large",
            "size": "L"
        }, {
            "name": "Extra Large",
            "size": "XL"
        }, {
            "name": "2X Large",
            "size": "2XL"
        }],
        "images": [
            "https://res.cloudinary.com/dcmvndqd1/image/upload/v1675026369/Panda%20Steeze/IMG_6919_dkflru.jpg"
        ],
        "colors": [{
                "name": "Gray",
                "colorBg": "#808080"
            },
            {
                "name": "White",
                "colorBg": "#FFFFFF"
            },
            {
                "name": "Black",
                "colorBg": "#000000"
            },
            {
                "name": "Pink",
                "colorBg": "#FFC0CB"
            }
        ]
    },
    {
        "_id": "0a1b2c3d4e5f6g7h8i9c",
        "name": "Under Armour Uc Tech T-Shirt",
        "slug": "under-armour-uc-tech-t-shirt",
        "price": 70,
        "published_at": "2022-12-01T08:00:00.000Z",
        "createdAt": "2022-12-01T07:59:59.999Z",
        "updatedAt": "2022-12-03T16:00:00.555Z",
        "__v": 0,
        "id": "0a1b2c3d4e5f6g7h8i9j",
        "category": "Under Armour",
        "type": "T-Shirt",
        "sizes": [{
            "name": "Small",
            "size": "S"
        }, {
            "name": "Medium",
            "size": "M"
        }, {
            "name": "Large",
            "size": "L"
        }, {
            "name": "Extra Large",
            "size": "XL"
        }, {
            "name": "2X Large",
            "size": "2XL"
        }],
        "images": [
            "https://res.cloudinary.com/dcmvndqd1/image/upload/v1675026369/Panda%20Steeze/IMG_6922_gls7ft.jpg"
        ],
        "colors": [{
                "name": "Gray",
                "colorBg": "#808080"
            },
            {
                "name": "White",
                "colorBg": "#FFFFFF"
            },
            {
                "name": "Black",
                "colorBg": "#000000"
            },
            {
                "name": "Pink",
                "colorBg": "#FFC0CB"
            }
        ]
    },
    {
        "_id": "0a1b2c3d4e5f6g7h8i9e",
        "name": "Under Armour Ue Tech T-Shirt",
        "slug": "under-armour-ue-tech-t-shirt",
        "price": 55,
        "published_at": "2022-12-01T08:00:00.000Z",
        "createdAt": "2022-12-01T07:59:59.999Z",
        "updatedAt": "2022-12-03T16:00:00.555Z",
        "__v": 0,
        "id": "0a1b2c3d4e5f6g7h8i9j",
        "category": "Under Armour",
        "type": "T-Shirt",
        "sizes": [{
            "name": "Small",
            "size": "S"
        }, {
            "name": "Medium",
            "size": "M"
        }, {
            "name": "Large",
            "size": "L"
        }, {
            "name": "Extra Large",
            "size": "XL"
        }, {
            "name": "2X Large",
            "size": "2XL"
        }],
        "images": [
            "https://res.cloudinary.com/dcmvndqd1/image/upload/v1675026368/Panda%20Steeze/IMG_6488_zbdcor.jpg"
        ],
        "colors": [{
                "name": "Gray",
                "colorBg": "#808080"
            },
            {
                "name": "White",
                "colorBg": "#FFFFFF"
            },
            {
                "name": "Black",
                "colorBg": "#000000"
            },
            {
                "name": "Pink",
                "colorBg": "#FFC0CB"
            }
        ]
    },
    {
        "_id": "0a1b2c3d4e5f6g7h8i9d",
        "name": "Under Armour Ud Tech T-Shirt",
        "slug": "under-armour-ud-tech-t-shirt",
        "price": 60,
        "published_at": "2022-12-01T08:00:00.000Z",
        "createdAt": "2022-12-01T07:59:59.999Z",
        "updatedAt": "2022-12-03T16:00:00.555Z",
        "__v": 0,
        "id": "0a1b2c3d4e5f6g7h8i9j",
        "category": "Under Armour",
        "type": "T-Shirt",
        "sizes": [{
            "name": "Small",
            "size": "S"
        }, {
            "name": "Medium",
            "size": "M"
        }, {
            "name": "Large",
            "size": "L"
        }, {
            "name": "Extra Large",
            "size": "XL"
        }, {
            "name": "2X Large",
            "size": "2XL"
        }],
        "images": [
            "https://res.cloudinary.com/dcmvndqd1/image/upload/v1675026368/Panda%20Steeze/IMG_6487_ptjbr3.jpg"
        ],
        "colors": [{
                "name": "Gray",
                "colorBg": "#808080"
            },
            {
                "name": "White",
                "colorBg": "#FFFFFF"
            },
            {
                "name": "Black",
                "colorBg": "#000000"
            },
            {
                "name": "Pink",
                "colorBg": "#FFC0CB"
            }
        ]
    },
    {
        "_id": "0a1b2c3d4e5f6g7h8i9f",
        "name": "Under Armour Uf Tech T-Shirt",
        "slug": "under-armour-uf-tech-t-shirt",
        "price": 65,
        "published_at": "2022-12-01T08:00:00.000Z",
        "createdAt": "2022-12-01T07:59:59.999Z",
        "updatedAt": "2022-12-03T16:00:00.555Z",
        "__v": 0,
        "id": "0a1b2c3d4e5f6g7h8i9j",
        "category": "Under Armour",
        "type": "T-Shirt",
        "sizes": [{
            "name": "Small",
            "size": "S"
        }, {
            "name": "Medium",
            "size": "M"
        }, {
            "name": "Large",
            "size": "L"
        }, {
            "name": "Extra Large",
            "size": "XL"
        }, {
            "name": "2X Large",
            "size": "2XL"
        }],
        "images": [
            "https://res.cloudinary.com/dcmvndqd1/image/upload/v1675026368/Panda%20Steeze/IMG_6920_rita6c.jpg"
        ],
        "colors": [{
                "name": "Gray",
                "colorBg": "#808080"
            },
            {
                "name": "White",
                "colorBg": "#FFFFFF"
            },
            {
                "name": "Black",
                "colorBg": "#000000"
            },
            {
                "name": "Pink",
                "colorBg": "#FFC0CB"
            }
        ]
    },
    {
        "_id": "0a1b2c3d4e5f6g7h8i9g",
        "name": "Under Armour Ug Tech T-Shirt",
        "slug": "under-armour-ug-tech-t-shirt",
        "price": 70,
        "published_at": "2022-12-01T08:00:00.000Z",
        "createdAt": "2022-12-01T07:59:59.999Z",
        "updatedAt": "2022-12-03T16:00:00.555Z",
        "__v": 0,
        "id": "0a1b2c3d4e5f6g7h8i9j",
        "category": "Under Armour",
        "type": "T-Shirt",
        "sizes": [{
            "name": "Small",
            "size": "S"
        }, {
            "name": "Medium",
            "size": "M"
        }, {
            "name": "Large",
            "size": "L"
        }, {
            "name": "Extra Large",
            "size": "XL"
        }, {
            "name": "2X Large",
            "size": "2XL"
        }],
        "images": [
            "https://res.cloudinary.com/dcmvndqd1/image/upload/v1675026368/Panda%20Steeze/IMG_6486_q5ktrr.jpg"
        ],
        "colors": [{
                "name": "Gray",
                "colorBg": "#808080"
            },
            {
                "name": "White",
                "colorBg": "#FFFFFF"
            },
            {
                "name": "Black",
                "colorBg": "#000000"
            },
            {
                "name": "Pink",
                "colorBg": "#FFC0CB"
            }
        ]
    },
    {
        "_id": "0a1b2c3d4e5f6g7h8i9h",
        "name": "Under Armour Uh Tech T-Shirt",
        "slug": "under-armour-uh-tech-t-shirt2",
        "price": 75,
        "published_at": "2022-12-01T08:00:00.000Z",
        "createdAt": "2022-12-01T07:59:59.999Z",
        "updatedAt": "2022-12-03T16:00:00.555Z",
        "__v": 0,
        "id": "0a1b2c3d4e5f6g7h8i9j",
        "category": "Under Armour",
        "type": "T-Shirt",
        "sizes": [{
            "name": "Small",
            "size": "S"
        }, {
            "name": "Medium",
            "size": "M"
        }, {
            "name": "Large",
            "size": "L"
        }, {
            "name": "Extra Large",
            "size": "XL"
        }, {
            "name": "2X Large",
            "size": "2XL"
        }],
        "images": [
            "https://res.cloudinary.com/dcmvndqd1/image/upload/v1675026368/Panda%20Steeze/IMG_6926_stucas.jpg"
        ],
        "colors": [{
                "name": "Gray",
                "colorBg": "#808080"
            },
            {
                "name": "White",
                "colorBg": "#FFFFFF"
            },
            {
                "name": "Black",
                "colorBg": "#000000"
            },
            {
                "name": "Pink",
                "colorBg": "#FFC0CB"
            }
        ]
    },
    {
        "_id": "0a1b2c3d4e5f6g7h8i9k",
        "name": "Under Armour Uk Tech T-Shirt",
        "slug": "under-armour-uk-tech-t-shirtx",
        "price": 80,
        "published_at": "2022-12-01T08:00:00.000Z",
        "createdAt": "2022-12-01T07:59:59.999Z",
        "updatedAt": "2022-12-03T16:00:00.555Z",
        "__v": 0,
        "id": "0a1b2c3d4e5f6g7h8i9j",
        "category": "Under Armour",
        "type": "T-Shirt",
        "sizes": [{
            "name": "Small",
            "size": "S"
        }, {
            "name": "Medium",
            "size": "M"
        }, {
            "name": "Large",
            "size": "L"
        }, {
            "name": "Extra Large",
            "size": "XL"
        }, {
            "name": "2X Large",
            "size": "2XL"
        }],
        "images": [
            "https://res.cloudinary.com/dcmvndqd1/image/upload/v1675026368/Panda%20Steeze/IMG_6493_tghj5q.jpg"
        ],
        "colors": [{
                "name": "Gray",
                "colorBg": "#808080"
            },
            {
                "name": "White",
                "colorBg": "#FFFFFF"
            },
            {
                "name": "Black",
                "colorBg": "#000000"
            },
            {
                "name": "Pink",
                "colorBg": "#FFC0CB"
            }
        ]
    },
    {
        "_id": "0a1b2c3d4e5f6g7h8i9m",
        "name": "Under Armour Um Tech T-Shirt",
        "slug": "under-armour-um-tech-t-shirtx",
        "price": 85,
        "published_at": "2022-12-01T08:00:00.000Z",
        "createdAt": "2022-12-01T07:59:59.999Z",
        "updatedAt": "2022-12-03T16:00:00.555Z",
        "__v": 0,
        "id": "0a1b2c3d4e5f6g7h8i9j",
        "category": "Under Armour",
        "type": "T-Shirt",
        "sizes": [{
            "name": "Small",
            "size": "S"
        }, {
            "name": "Medium",
            "size": "M"
        }, {
            "name": "Large",
            "size": "L"
        }, {
            "name": "Extra Large",
            "size": "XL"
        }, {
            "name": "2X Large",
            "size": "2XL"
        }],
        "images": [
            "https://res.cloudinary.com/dcmvndqd1/image/upload/v1675026368/Panda%20Steeze/IMG_6510_t09w71.jpg"
        ],
        "colors": [{
                "name": "Gray",
                "colorBg": "#808080"
            },
            {
                "name": "White",
                "colorBg": "#FFFFFF"
            },
            {
                "name": "Black",
                "colorBg": "#000000"
            },
            {
                "name": "Pink",
                "colorBg": "#FFC0CB"
            }
        ]
    },
    {
        "_id": "0a1b2c3d4e5f6g7h8i9l",
        "name": "Under Armour Ul Tech T-Shirt",
        "slug": "under-armour-ul-tech-t-shirt",
        "price": 90,
        "published_at": "2022-12-01T08:00:00.000Z",
        "createdAt": "2022-12-01T07:59:59.999Z",
        "updatedAt": "2022-12-03T16:00:00.555Z",
        "__v": 0,
        "id": "0a1b2c3d4e5f6g7h8i9j",
        "category": "Under Armour",
        "type": "T-Shirt",
        "sizes": [{
            "name": "Small",
            "size": "S"
        }, {
            "name": "Medium",
            "size": "M"
        }, {
            "name": "Large",
            "size": "L"
        }, {
            "name": "Extra Large",
            "size": "XL"
        }, {
            "name": "2X Large",
            "size": "2XL"
        }],
        "images": [
            "https://res.cloudinary.com/dcmvndqd1/image/upload/v1675026368/Panda%20Steeze/IMG_6492_lqohrs.jpg"
        ],
        "colors": [{
                "name": "Gray",
                "colorBg": "#808080"
            },
            {
                "name": "White",
                "colorBg": "#FFFFFF"
            },
            {
                "name": "Black",
                "colorBg": "#000000"
            },
            {
                "name": "Pink",
                "colorBg": "#FFC0CB"
            }
        ]
    },
    {
        "_id": "0a1b2c3d4e5f6g7h8i9m",
        "name": "Under Armour Um Tech T-Shirt",
        "slug": "under-armour-um-tech-t-shirt",
        "price": 95,
        "published_at": "2022-12-01T08:00:00.000Z",
        "createdAt": "2022-12-01T07:59:59.999Z",
        "updatedAt": "2022-12-03T16:00:00.555Z",
        "__v": 0,
        "id": "0a1b2c3d4e5f6g7h8i9j",
        "category": "Under Armour",
        "type": "T-Shirt",
        "sizes": [{
            "name": "Small",
            "size": "S"
        }, {
            "name": "Medium",
            "size": "M"
        }, {
            "name": "Large",
            "size": "L"
        }, {
            "name": "Extra Large",
            "size": "XL"
        }, {
            "name": "2X Large",
            "size": "2XL"
        }],
        "images": [
            "https://res.cloudinary.com/dcmvndqd1/image/upload/v1675026368/Panda%20Steeze/IMG_6492_lqohrs.jpg"
        ],
        "colors": [{
                "name": "Gray",
                "colorBg": "#808080"
            },
            {
                "name": "White",
                "colorBg": "#FFFFFF"
            },
            {
                "name": "Black",
                "colorBg": "#000000"
            },
            {
                "name": "Pink",
                "colorBg": "#FFC0CB"
            }
        ]
    },
    {
        "_id": "0a1b2c3d4e5f6g7h8i9n",
        "name": "Under Armour Un Tech T-Shirt",
        "slug": "under-armour-un-tech-t-shirt",
        "price": 100,
        "published_at": "2022-12-01T08:00:00.000Z",
        "createdAt": "2022-12-01T07:59:59.999Z",
        "updatedAt": "2022-12-03T16:00:00.555Z",
        "__v": 0,
        "id": "0a1b2c3d4e5f6g7h8i9j",
        "category": "Under Armour",
        "type": "T-Shirt",
        "sizes": [{
            "name": "Small",
            "size": "S"
        }, {
            "name": "Medium",
            "size": "M"
        }, {
            "name": "Large",
            "size": "L"
        }, {
            "name": "Extra Large",
            "size": "XL"
        }, {
            "name": "2X Large",
            "size": "2XL"
        }],
        "images": [
            "https://res.cloudinary.com/dcmvndqd1/image/upload/v1674040154/Panda%20Steeze/WhatsApp_Image_2022-07-12_at_17.53.40_iodmml.jpg"
        ],
        "colors": [{
                "name": "Gray",
                "colorBg": "#808080"
            },
            {
                "name": "White",
                "colorBg": "#FFFFFF"
            },
            {
                "name": "Black",
                "colorBg": "#000000"
            },
            {
                "name": "Pink",
                "colorBg": "#FFC0CB"
            }
        ]
    }

]